[
    {
      "voornaam": "fsf",
      "achternaam": "dsfsd",
      "nationaliteit": "Netherlands",
      "leeftijd": 35,
      "gewicht": 80
    },
    {
      "voornaam": "Jane",
      "achternaam": "Doe",
      "nationaliteit": "United States",
      "leeftijd": 28,
      "gewicht": 60
    },
    {
      "voornaam": "brghrhr",
      "achternaam": "sdfwf",
      "nationaliteit": "United States",
      "leeftijd": 28,
      "gewicht": 60
    },
    {
        "voornaam": "dsvgr",
        "achternaam": "nyut",
        "nationaliteit": "United States",
        "leeftijd": 28,
        "gewicht": 60
    },
    {
          "voornaam": "y5h5",
          "achternaam": "dgebhyrh5",
          "nationaliteit": "United States",
          "leeftijd": 28,
          "gewicht": 60
    },
    {
            "voornaam": "cbdgb",
            "achternaam": "uyrtgwe",
            "nationaliteit": "United States",
            "leeftijd": 28,
            "gewicht": 60
    },
    {
              "voornaam": "dnytrtg",
              "achternaam": "hryhr",
              "nationaliteit": "United States",
              "leeftijd": 28,
              "gewicht": 60
    }
  ]
  